Product url,Brand,Model,Price,Capacity - mAh,Max Discharge A,Num Cells4V,Weight,Current Ah,min Cost,Kwh for Min cost,Chemistry,Voltage,availability,Cost KwH,LowPriceQty,LowPrice,LC Min Price,LC KwH
https://eu.nkon.nl/inr21700-m48-4800mah-6-9a-clear-wrap-met-roest.html,**,21700,1.5,4750.0,6.90,15,68,6.90,22.5,0.24,Li-ion,3.6,Out of stock,87.72,No offers,1.5,22.5,87.72
https://eu.nkon.nl/rechargeable/lifepo4/envision-ess-72173207-305ah-lifepo4-3-2v-b-grade.html,Envision,ESS 72173207,111.95,305000.0,305.00,16,5500,305.00,1791.2,15.62,LIFEPO4,3.2,Out of stock,114.7,Buy 16 times for,105.35,1685.6,107.94
https://eu.nkon.nl/rechargeable/lifepo4/envision-ess-4lh3l7-280ah-lifepo4-3-2v-b-grade.html,Envision,ESS 72173207,102.95,280000.0,280.00,16,5450,280.00,1647.2,14.34,LIFEPO4,3.2,In stock,114.9,Buy 16 times for,97.05,1552.8,108.31
https://eu.nkon.nl/samsung-inr21700-33j-3270mah-3-2a-tag.html,Samsung,INR21700-33J,1.7,3220.0,6.40,15,63,"3,220.00",25.5,0.16,Li-ion,3.6,In stock,146.65,Buy 390 times for,1.3,19.5,112.15
https://eu.nkon.nl/eve-lf304-prismatic-304ah-lifepo4-3-2v-a-grade.html,EVE,LF304,115.95,304000.0,304.00,16,5490,304.00,1855.2,15.56,LIFEPO4,3.2,Expected shipping date: 6 december 2023 (in 28 days),119.19,Buy 32 times for,109.95,1759.2,113.02
https://eu.nkon.nl/eve-lf105-prismatic-105ah-105a-lifepo4-a-grade.html,EVE,LF105,39.95,105000.0,105.00,16,1980,105.00,639.2,5.38,LIFEPO4,3.2, not Available,118.9,Buy 32 times for,38.75,620.0,115.33
https://eu.nkon.nl/eve-lf280-prismatic-280ah-280a-lifepo4.html,EVE,LF280K,109.95,280000.0,280.00,16,5450,280.00,1759.2,14.34,LIFEPO4,3.2, not Available,122.71,Buy 32 times for,103.95,1663.2,116.02
https://eu.nkon.nl/eve-lf304-prismatic-304ah-lifepo4-3-2v-b-grade.html,EVE,LF304,123.45,304000.0,304.00,16,5490,304.00,1975.2,15.56,LIFEPO4,3.2,In stock,126.9,Buy 32 times for,116.25,1860.0,119.5
https://eu.nkon.nl/catl-cb310-prismatic-280ah-lifepo4-3-2v.html,Catl,CB310,119.95,280000.0,140.00,16,5340,140.00,1919.2,14.34,LIFEPO4,3.2,Out of stock,133.87,Buy 32 times for,108.95,1743.2,121.6
https://eu.nkon.nl/calb-l173f230-230ah-lifepo4-3-2v.html,Calb,L173F230,97.45,230000.0,230.00,16,4170,230.00,1559.2,11.78,LIFEPO4,3.2,In stock,132.4,Buy 32 times for,91.05,1456.8,123.71
https://eu.nkon.nl/lishen-lp71173207-280-ah-280a-lifepo4-3-2v-b-grade.html,Lishen,LP71173207,118.95,280000.0,280.00,16,5300,280.00,1903.2,14.34,LIFEPO4,3.2,Out of stock,132.76,Buy 16 times for,110.95,1775.2,123.83
https://eu.nkon.nl/samsung-inr21700-33j-3270mah-3-2a-u-tag.html,Samsung,INR21700-33J,1.85,3220.0,6.40,15,63,"3,220.00",27.75,0.16,Li-ion,3.6,In stock,159.59,Buy 390 times for,1.45,21.75,125.09
https://eu.nkon.nl/samsung-inr21700-33j-3270mah-3-2a-z-tag.html,Samsung,INR21700-33J,1.85,3220.0,6.40,15,63,"3,220.00",27.75,0.16,Li-ion,3.6,In stock,159.59,Buy 390 times for,1.45,21.75,125.09
https://eu.nkon.nl/rept-280p-prismatic-280ah-lifepo4-b-grade.html,REPT,280P,119.95,280000.0,280.00,16,5400,280.00,1919.2,14.34,LIFEPO4,3.2,Out of stock,133.87,Buy 32 times for,112.85,1805.6,125.95
https://eu.nkon.nl/eve-lf280-prismatic-280ah-280a-lifepo4-b-grade.html,EVE,LF280K,119.95,280000.0,280.00,16,5350,280.00,1919.2,14.34,LIFEPO4,3.2,Out of stock,133.87,Buy 32 times for,112.95,1807.2,126.06
https://eu.nkon.nl/eve-lf230-prismatic-230ah-230a-lifepo4-b-grade.html,EVE,LF230,94.95,230000.0,230.00,16,4110,230.00,1519.2,11.78,LIFEPO4,3.2,Out of stock,129.01,No offers,94.95,1519.2,129.01
https://eu.nkon.nl/eve-lf280k-prismatic-280ah-lifepo4-3-2v-a-grade-no-terminal.html,EVE,LIFEPO4,122.95,280000.0,Not set,16,5420,200.00,1967.2,14.34,LIFEPO4,3.2,In stock,137.22,Buy 64 times for,115.65,1850.4,129.07
https://eu.nkon.nl/eve-lf230-prismatic-230ah-230a-lifepo4.html,EVE,LF230,99.95,230000.0,230.00,16,4110,230.00,1599.2,11.78,LIFEPO4,3.2, not Available,135.8,Buy 32 times for,95.95,1535.2,130.37
https://eu.nkon.nl/catl-prismatic-173ah-lifepo4-3-2v-b-grade.html,Catl,LF173,76.95,173000.0,173.00,16,3190,173.00,1231.2,8.86,LIFEPO4,3.2,Out of stock,139.0,Buy 16 times for,72.95,1167.2,131.77
https://eu.nkon.nl/calb-l194f130a-b-grade.html,Calb,L194F130A,58.45,130000.0,130.00,16,2340,130.00,935.2,6.66,LIFEPO4,3.2, not Available,140.5,Buy 32 times for,54.95,879.2,132.09
https://eu.nkon.nl/catl-228ah-228a-lifepo-b-grade.html,Catl,LIFEPO4,108.95,228000.0,Not set,16,4220,207.00,1743.2,11.67,LIFEPO4,3.2,In stock,149.33,Buy 32 times for,97.45,1559.2,133.57
https://eu.nkon.nl/sony-murata-us18650v-1600mah-10a.html,Sony,BM18650Z1,0.75,1550.0,10.00,15,44,"1,550.00",11.25,0.08,Li-ion,3.6,Out of stock,134.41,No offers,0.75,11.25,134.41
https://eu.nkon.nl/calb-l173f280a-prismatic-280ah-lifepo4-3-2v-b-grade.html,Calb,L173F280A,128.95,280000.0,280.00,16,5450,280.00,2063.2,14.34,LIFEPO4,3.2,Out of stock,143.92,Buy 32 times for,121.95,1951.2,136.1
https://eu.nkon.nl/calb-l173f125a-prismatic-125ah-lifepo4-3-2v-b-grade.html,Calb,L173F125A,55.95,125000.0,125.00,16,2450,125.00,895.2,6.4,LIFEPO4,3.2, not Available,139.88,Buy 32 times for,54.45,871.2,136.12
https://eu.nkon.nl/gotion-ifp52148102-87ah-lifepo4-3-2v.html,Gotion,IFP52148102,40.95,87000.0,87.00,16,1640,120.00,655.2,4.45,LIFEPO4,3.2,Out of stock,147.09,Buy 32 times for,38.25,612.0,137.39
https://eu.nkon.nl/rechargeable/li-ion/inr21700-m50l-4800mah-7-2a-clear-wrap.html,**,INR21700-M50L,2.39,4750.0,7.20,15,70,"4,750.00",35.85,0.24,Li-ion,3.6,In stock,139.77,No offers,2.39,35.85,139.77
https://eu.nkon.nl/rechargeable/li-ion/lishen-lr21700sa-4000mah-12a.html,Lishen,LR21700SA,2.35,3900.0,12.00,15,68,"3,900.00",35.25,0.2,Li-ion,3.6,In stock,167.38,Buy 390 times for,1.99,29.85,141.74
https://eu.nkon.nl/calb-l300f187-187ah-prismatic-lifepo4-3-2v-b-grade.html,Calb,L300F187,86.95,187000.0,187.00,16,3470,187.00,1391.2,9.57,LIFEPO4,3.2,In stock,145.3,Buy 8 times for,84.95,1359.2,141.96
https://eu.nkon.nl/catl-prismatic-302ah-lifepo4-3-2v-b-grade.html,Catl,LF302,144.95,302000.0,302.00,16,5510,302.00,2319.2,15.46,LIFEPO4,3.2,Out of stock,149.99,Buy 16 times for,138.05,2208.8,142.85
https://eu.nkon.nl/tb-40138-he-20ah-60a-lifepo4-3-2v.html,Topband,TB-40138-HE,9.75,20000.0,60.00,16,422,140.00,156.0,1.02,LIFEPO4,3.2,Out of stock,152.34,Buy 16 times for,9.25,148.0,144.53
https://eu.nkon.nl/tb-33138-he-15ah-30a-lifepo4-3-2v.html,Topband,32140FS,7.45,15000.0,30.00,16,300,140.00,119.2,0.77,LIFEPO4,3.2,Out of stock,155.21,Buy 16 times for,6.99,111.84,145.62
https://eu.nkon.nl/rechargeable/li-ion/samsung-inr18650-32e-3100mah-6-4a-reclaimed.html,Samsung,INR18650-32E,2.19,3100.0,6.40,15,48,"3,100.00",32.85,0.16,Li-ion,3.6,In stock,196.24,Buy 400 times for,1.7,25.5,152.33
https://eu.nkon.nl/calb-l148f88a-prismatic-88ah-lifepo4-3-2v-b-grade.html,Calb,L148F88A,45.95,88000.0,88.00,16,1620,88.00,735.2,4.51,LIFEPO4,3.2,Out of stock,163.17,Buy 16 times for,42.9,686.4,152.34
https://eu.nkon.nl/eve-c40-40135-20ah-3-2v.html,EVE,C40,11.95,20000.0,60.00,16,374,140.00,191.2,1.02,LIFEPO4,3.2,Expected shipping date: 13 december 2023 (in 35 days),186.72,Buy 20 times for,9.99,159.84,156.09
https://eu.nkon.nl/rechargeable/lifepo4/eve-lf105-prismatic-105ah-105a-lifepo4-b-grade.html,EVE,LF105,54.95,105000.0,105.00,16,1980,105.00,879.2,5.38,LIFEPO4,3.2,Out of stock,163.54,No offers,54.95,879.2,163.54
https://eu.nkon.nl/byd-c13-fp44147272p-125ah-prismatic-375a-lifepo4-3-2v-b-grade.html,BYD,C13,71.95,125000.0,375.00,16,3450,375.00,1151.2,6.4,LIFEPO4,3.2,In stock,179.88,Buy 32 times for,65.95,1055.2,164.88
https://eu.nkon.nl/bak-n18650cp-3350mah-6-5a.html,BAK,N18650CP,1.99,3250.0,6.50,15,48,"3,250.00",29.85,0.17,Li-ion,3.6,Out of stock,170.09,No offers,1.99,29.85,170.09
https://eu.nkon.nl/samsung-inr21700-50g-clear.html,Samsung,INR21700-50G,3.75,4800.0,9.80,15,75,"4,800.00",56.25,0.25,Li-ion,3.6,Expected shipping date: 25 november 2023 (in 17 days),217.01,Buy 390 times for,2.95,44.25,170.72
https://eu.nkon.nl/rechargeable/li-ion/tenpower-inr18650-32he-3100mah-10a.html,Tenpower,INR18650-32HE,2.35,3050.0,10.00,15,47,"3,050.00",35.25,0.16,Li-ion,3.6,In stock,214.03,Buy 600 times for,1.88,28.2,171.22
https://eu.nkon.nl/rechargeable/li-ion/sanyo-ncr20700a-3300mah-30a-clear-wrap.html,Sanyo,NCR20700,2.65,3150.0,30.00,15,68,"3,150.00",39.75,0.16,Li-ion,3.6,In stock,233.69,Buy 390 times for,1.95,29.25,171.96
https://eu.nkon.nl/ifr26650pe-3400mah-9-6a-lifepo4-3-2v.html,Real cell,IFR26650PE,2.15,3350.0,9.60,16,85,"3,350.00",34.4,0.17,LIFEPO4,3.2,In stock,200.56,Buy 600 times for,1.85,29.6,172.57
https://eu.nkon.nl/samsung-inr21700-30t-3000mah-35a-clear-wrap-reclaimed.html,Samsung,INR21700-30T,2.25,2950.0,35.00,15,68,"2,950.00",33.75,0.15,Li-ion,3.6,In stock,211.86,Buy 400 times for,1.85,27.75,174.2
https://eu.nkon.nl/cbak-32140-15ah-lifepo4-3-2v-a-grade.html,CBAK,32140FS,8.45,15000.0,15.00,16,300,140.00,135.2,0.77,LIFEPO4,3.2,Expected shipping date: 1 december 2023 (in 23 days),176.04,No offers,8.45,135.2,176.04
https://eu.nkon.nl/rechargeable/li-ion/tenpower-inr21700-50me-5000mah-15a.html,Tenpower,INR21700-50ME,3.99,4950.0,15.00,15,68,"4,950.00",59.85,0.25,Li-ion,3.6,Out of stock,223.91,Buy 390 times for,3.15,47.25,176.77
https://eu.nkon.nl/rechargeable/li-ion/inr18650mh1-3200mah-6a-2017.html,**,INR18650MH1,2.35,3100.0,6.00,15,48,"3,100.00",35.25,0.16,Li-ion,3.6,Out of stock,210.57,Buy 600 times for,1.99,29.85,178.32
https://eu.nkon.nl/e-stream-inr18650-29e-2900mah-4-8a.html,DMEGC,18650,2.15,2750.0,4.80,15,45,4.80,32.25,0.14,Li-ion,3.6,Out of stock,217.17,Buy 600 times for,1.79,26.85,180.81
https://eu.nkon.nl/tenpower-inr18650-28he-2800mah-10a.html,Tenpower,INR18650-28HE,2.75,2760.0,10.00,15,46,"2,760.00",41.25,0.14,Li-ion,3.6,In stock,276.77,Buy 600 times for,1.82,27.3,183.17
https://eu.nkon.nl/eve-inr18650-29v-2800mah-8-4a.html,EVE,INR18650-29V,2.59,2850.0,8.40,15,45,"2,850.00",38.85,0.15,Li-ion,3.6,Out of stock,252.44,Buy 600 times for,1.91,28.65,186.16
https://eu.nkon.nl/bak-n21700cg-5000mah-10-2a.html,BAK,N21700CG-50,3.89,4900.0,10.20,15,69,"4,900.00",58.35,0.25,Li-ion,3.6,Out of stock,220.52,Buy 600 times for,3.29,49.35,186.51
https://eu.nkon.nl/inr18650-m29-2850mah-10a.html,**,INR18650M29,2.65,2750.0,10.00,15,48,"2,750.00",39.75,0.14,Li-ion,3.6,In stock,267.68,Buy 600 times for,1.85,27.75,186.87
https://eu.nkon.nl/sinowatt-sw18650-34mp-3250mah-3-25a.html,Sinowatt,SW18650-34MP,2.49,3250.0,3.25,15,49,"3,250.00",37.35,0.17,Li-ion,3.6,Out of stock,212.82,Buy 200 times for,2.19,32.85,187.18
https://eu.nkon.nl/samsung-inr21700-48x-4650mah-9-6a-clear.html,Samsung,21700,3.85,4650.0,9.60,15,69,9.60,57.75,0.24,Li-ion,3.6,In stock,229.99,Buy 390 times for,3.15,47.25,188.17
https://eu.nkon.nl/sanyo-ncr2070c-3500mah-30a.html,Sanyo,20700,3.45,3500.0,30.00,15,60,30.00,51.75,0.18,Li-ion,3.6,In stock,273.81,Buy 250 times for,2.39,35.85,189.68
https://eu.nkon.nl/bak-n18650cl-2900mah-8-25a.html,BAK,N18650CL-29,2.65,2800.0,8.25,15,48,"2,800.00",39.75,0.14,Li-ion,3.6,In stock,262.9,Buy 200 times for,1.92,28.8,190.48
https://eu.nkon.nl/sanyo-ur18650zm2-2600mah-8a.html,Sanyo,UR18650ZM2,2.15,2420.0,8.00,15,46,"2,420.00",32.25,0.12,Li-ion,3.6,In stock,246.79,Buy 540 times for,1.67,25.05,191.69
https://eu.nkon.nl/eve-lf50k-prismatic-50ah-50a-lifepo4-b-grade.html,EVE,LF50K,33.95,50000.0,50.00,16,1395,50.00,543.2,2.56,LIFEPO4,3.2,Out of stock,212.19,Buy 16 times for,31.1,497.6,194.37
https://eu.nkon.nl/samsung-inr18650-35e-reclaimed.html,Samsung,INR18650-35E,2.95,3350.0,8.00,15,49,"3,350.00",44.25,0.17,Li-ion,3.6,In stock,244.61,Buy 400 times for,2.35,35.25,194.86
https://eu.nkon.nl/rechargeable/li-ion/samsung-inr18650-29e-2900mah-productiejaar-2017.html,Samsung,INR18650-29E,2.25,2750.0,8.25,15,45,"2,750.00",33.75,0.14,Li-ion,3.6,In stock,227.27,Buy 600 times for,1.95,29.25,196.97
https://eu.nkon.nl/rechargeable/li-ion/inr21700-m58-5800mah-12-5a-reclaimed-rewrap.html,**,INR21700-M58T,4.65,5520.0,12.50,15,72,"5,520.00",69.75,0.28,Li-ion,3.6,In stock,234.0,Buy 100 times for,3.95,59.25,198.77
https://eu.nkon.nl/rechargeable/li-ion/lishen-lr1865la-2000mah-20a-half-wrap.html,Lishen,LR1865LA,1.65,1900.0,20.00,15,42,"1,900.00",24.75,0.1,Li-ion,3.6,Out of stock,241.23,Buy 200 times for,1.39,20.85,203.22
https://eu.nkon.nl/rechargeable/li-ion/samsung-inr18650-20r-2000mah-22a-half-wrap.html,Samsung,INR18650-20R,1.75,1950.0,22.00,15,40,"1,950.00",26.25,0.1,Li-ion,3.6,Out of stock,249.29,Buy 100 times for,1.45,21.75,206.55
https://eu.nkon.nl/jgne-26650-4000mah-12a-lifepo4.html,JGNE,JGCFR26650-4000mAh-3.2V,3.15,3950.0,12.00,16,87,"3,950.00",50.4,0.2,LIFEPO4,3.2,Out of stock,249.21,Buy 400 times for,2.65,42.4,209.65
https://eu.nkon.nl/18650he2-imr-battery.html,**,LGDBHE21865,2.49,2450.0,20.00,15,45,"2,450.00",37.35,0.13,Li-ion,3.6,In stock,282.31,Buy 600 times for,1.85,27.75,209.75
https://eu.nkon.nl/eve-inr18650-25p-2500mah-20a.html,EVE,INR18650-25P,2.29,2500.0,20.00,15,45,"2,500.00",34.35,0.13,Li-ion,3.6,Out of stock,254.44,Buy 200 times for,1.89,28.35,210.0
https://eu.nkon.nl/jgne-htcfr26650-3800mah-11-4a-lifepo4.html,JGNE,26650,2.99,3750.0,11.40,16,88,11.40,47.84,0.19,LIFEPO4,3.2,Out of stock,249.17,Buy 600 times for,2.55,40.8,212.5
https://eu.nkon.nl/samsung-inr18650-20r-reclaimed.html,Samsung,INR18650-20R,1.75,1950.0,22.00,15,43,"1,950.00",26.25,0.1,Li-ion,3.6,In stock,249.29,Buy 600 times for,1.5,22.5,213.68
https://eu.nkon.nl/tenpower-20sg.html,Tenpower,ICR18650-20SG,1.99,1950.0,30.00,15,45,"1,950.00",29.85,0.1,Li-ion,3.6,In stock,283.48,Buy 400 times for,1.54,23.1,219.37
https://eu.nkon.nl/inr18650mh1-3200mah-3c-battery.html,**,INR18650MH1,3.25,3100.0,6.00,15,48,"3,100.00",48.75,0.16,Li-ion,3.6,In stock,291.22,Buy 600 times for,2.45,36.75,219.53
https://eu.nkon.nl/rechargeable/li-ion/samsung-inr18650-32e-3100mah-6-4a-reclaimed-met-roestplekken.html,Samsung,INR18650-32E,2.45,3100.0,6.40,15,48,"3,100.00",36.75,0.16,Li-ion,3.6,In stock,219.53,No offers,2.45,36.75,219.53
https://eu.nkon.nl/jgne-26650-3600mah-10-2a-lifepo4.html,JGNE,HTCFR26650,3.49,3550.0,10.20,16,87,"3,550.00",55.84,0.18,LIFEPO4,3.2,In stock,307.22,Buy 400 times for,2.5,40.0,220.07
https://eu.nkon.nl/bak-n18650cp-34e-3350mah-6-5a.html,BAK,N18650CP,2.99,3250.0,6.50,15,48,"3,250.00",44.85,0.17,Li-ion,3.6,In stock,255.56,Buy 600 times for,2.58,38.7,220.51
https://eu.nkon.nl/rechargeable/li-ion/samsung-inr18650-25r-2500mah-20a-half-wrap.html,Samsung,INR18650-25R,2.25,2450.0,20.00,15,44,"2,450.00",33.75,0.13,Li-ion,3.6,Out of stock,255.1,Buy 100 times for,1.95,29.25,221.09
https://eu.nkon.nl/samsung-inr21700-30t-3000mah-35a-clear-wrap.html,Samsung,INR21700-30T,2.99,2950.0,35.00,15,69,"2,950.00",44.85,0.15,Li-ion,3.6,In stock,281.54,Buy 520 times for,2.35,35.25,221.28
https://eu.nkon.nl/eve-lf32-prismatic-32ah-lifepo4-b-grade.html,EVE,LF32K,24.99,32000.0,32.00,16,750,32.00,399.84,1.64,LIFEPO4,3.2,In stock,244.04,Buy 32 times for,22.9,366.4,223.63
https://eu.nkon.nl/molicel-inr18650-m35a-3500mah-10a.html,Molicel,INR-18650-M35A,3.45,3350.0,10.00,15,48,"3,350.00",51.75,0.17,Li-ion,3.6,In stock,286.07,Buy 600 times for,2.7,40.5,223.88
https://eu.nkon.nl/sanyo-ncr20700a-3300mah-30a.html,Sanyo,20700,2.95,3150.0,30.00,15,68,30.00,44.25,0.16,Li-ion,3.6,In stock,260.14,Buy 390 times for,2.55,38.25,224.87
https://eu.nkon.nl/jgne-18650-1800mah-5-4a-lifepo4.html,JGNE,MH48108,1.69,1700.0,5.40,16,42,"1,700.00",27.04,0.09,LIFEPO4,3.2,Out of stock,310.66,Buy 600 times for,1.26,20.16,231.62
https://eu.nkon.nl/eve-lf50k-prismatic-50ah-50a-lifepo4.html,EVE,LF50K,37.99,50000.0,50.00,16,1395,50.00,607.84,2.56,LIFEPO4,3.2,Out of stock,237.44,No offers,37.99,607.84,237.44
https://eu.nkon.nl/jgne-18650-1600mah-4-8a-lifepo4.html,JGNE,MH48108,1.49,1500.0,4.80,16,46,"1,500.00",23.84,0.08,LIFEPO4,3.2,In stock,310.42,Buy 600 times for,1.14,18.24,237.5
https://eu.nkon.nl/rechargeable/li-ion/samsung-inr18650-33g-3150-mah-6-5a.html,Samsung,INR18650-33G,2.85,3000.0,6.50,15,48,6.50,42.75,0.15,Li-ion,3.6,Out of stock,263.89,Buy 600 times for,2.58,38.7,238.89
https://eu.nkon.nl/samsung-inr18650-30q-3000mah-15a-reclaimed.html,Samsung,INR18650-30Q,2.99,2950.0,15.00,15,46,"2,950.00",44.85,0.15,Li-ion,3.6,In stock,281.54,Buy 100 times for,2.65,39.75,249.53
https://eu.nkon.nl/rechargeable/li-ion/samsung-inr-18650-30q-3000mah-15a-2017.html,Samsung,INR18650-30Q,2.85,2950.0,15.00,15,46,"2,950.00",42.75,0.15,Li-ion,3.6,In stock,268.36,Buy 100 times for,2.69,40.35,253.3
https://eu.nkon.nl/sinowatt-sw18650-30sp-2900mah-15a.html,Sinowatt,SW18650-30SP,3.25,2900.0,15.00,15,49,"2,900.00",48.75,0.15,Li-ion,3.6,Out of stock,311.3,Buy 600 times for,2.65,39.75,253.83
https://eu.nkon.nl/sanyo-ncr2070c-clear.html,Sanyo,20700,3.55,3500.0,30.00,15,60,30.00,53.25,0.18,Li-ion,3.6,In stock,281.75,Buy 100 times for,3.25,48.75,257.94
https://eu.nkon.nl/samsung-inr18650-32e-3100mah-6-4a.html,Samsung,INR18650-32E,3.85,3100.0,6.40,15,48,"3,100.00",57.75,0.16,Li-ion,3.6,In stock,344.98,Buy 400 times for,2.9,43.5,259.86
https://eu.nkon.nl/samsung-inr18650-35e.html,Samsung,INR18650-35E,3.95,3350.0,8.00,15,49,"3,350.00",59.25,0.17,Li-ion,3.6,Out of stock,327.53,Buy 600 times for,3.15,47.25,261.19
https://eu.nkon.nl/panasonic-ncr18650bd-3200mah-10a.html,Panasonic,NCR18650BD,3.55,3030.0,10.00,15,49,"3,030.00",53.25,0.16,Li-ion,3.6,In stock,325.45,Buy 540 times for,2.85,42.75,261.28
https://eu.nkon.nl/tenpower-inr18650-2500mah-20a.html,Tenpower,INR18650-25PG,2.85,2450.0,20.00,15,47,"2,450.00",42.75,0.13,Li-ion,3.6,In stock,323.13,Buy 400 times for,2.31,34.65,261.9
https://eu.nkon.nl/samsung-icr18650-26j3.html,Samsung,ICR18650-26J,2.79,2550.0,10.00,15,44,"2,550.00",41.85,0.13,Li-ion,3.6,Out of stock,303.92,Buy 200 times for,2.41,36.15,262.53
https://eu.nkon.nl/sanyo-18650ga.html,Sanyo,NCR18650GA,4.35,3300.0,10.00,15,48,"3,300.00",65.25,0.17,Li-ion,3.6,Out of stock,366.16,Buy 495 times for,3.15,47.25,265.15
https://eu.nkon.nl/panasonic-ncr18650pf-3-7v-2900mah.html,Panasonic,NCR18650PF,3.25,2850.0,10.00,15,46,"2,850.00",48.75,0.15,Li-ion,3.6,In stock,316.76,Buy 540 times for,2.79,41.85,271.93
https://eu.nkon.nl/bak-n18650cnp-2500mah-20a.html,BAK,N18650CNP,2.89,2400.0,20.00,15,47,"2,400.00",43.35,0.12,Li-ion,3.6,Out of stock,334.49,Buy 600 times for,2.4,36.0,277.78
https://eu.nkon.nl/inr18650m36-3600mah-10a.html,**,LGDBM361865,3.99,3400.0,5.00,15,49,"3,400.00",59.85,0.17,Li-ion,3.6,In stock,325.98,Buy 600 times for,3.45,51.75,281.86
https://eu.nkon.nl/inr18650-f1l-3350mah-4-8a.html,**,LGGBF1L1865,3.75,3250.0,4.80,15,43,"3,250.00",56.25,0.17,Li-ion,3.6,Out of stock,320.51,Buy 600 times for,3.33,49.95,284.62
https://eu.nkon.nl/eve-lf22k-prismatic-22ah-lifepo4-b-grade.html,EVE,LF22K,21.95,22000.0,66.00,16,628,66.00,351.2,1.13,LIFEPO4,3.2,In stock,311.79,Buy 8 times for,20.75,332.0,294.74
https://eu.nkon.nl/samsung-inr-18650-30q-3000mah.html,Samsung,INR18650-30Q,3.79,2950.0,15.00,15,46,"2,950.00",56.85,0.15,Li-ion,3.6,In stock,356.87,Buy 200 times for,3.19,47.85,300.38
https://eu.nkon.nl/sanyo-18650ga-4895.html,Sanyo,NCR18650GA,4.25,3350.0,10.00,15,48,"3,350.00",63.75,0.17,Li-ion,3.6,In stock,352.4,Buy 540 times for,3.78,56.7,313.43
https://eu.nkon.nl/rechargeable/li-ion/lg-inr21700-m58t-5570mah-12-5a-no-wrap.html,**,INR21700-M58T,6.79,5520.0,12.50,15,73,"5,520.00",101.85,0.28,Li-ion,3.6,In stock,341.69,Buy 50 times for,6.45,96.75,324.58
https://eu.nkon.nl/rechargeable/li-ion/inr21700-m58t-5570mah-12-5a-clear-wrap.html,**,INR21700-M58T,7.05,5520.0,12.50,15,73,"5,520.00",105.75,0.28,Li-ion,3.6,In stock,354.77,Buy 50 times for,6.45,96.75,324.58
https://eu.nkon.nl/samsung-inr18650-20r.html,Samsung,INR18650-20R,2.75,1950.0,22.00,15,43,22.00,41.25,0.1,Li-ion,3.6,In stock,391.74,Buy 600 times for,2.3,34.5,327.64
https://eu.nkon.nl/rechargeable/li-ion/inr18650-hj2-3000mah-20a.html,**,LGABHG21865,4.45,2950.0,20.00,15,46,"2,950.00",66.75,0.15,Li-ion,3.6,In stock,419.02,Buy 600 times for,3.6,54.0,338.98
https://eu.nkon.nl/jgne-26650-3000mah-30a-lifepo4.html,JGNE,HTPFR26650,3.95,2900.0,30.00,16,85,"2,900.00",63.2,0.15,LIFEPO4,3.2,In stock,425.65,Buy 600 times for,3.15,50.4,339.44
https://eu.nkon.nl/sony-us18650vtc4-flat-top.html,Sony,US18650VTC4,2.99,2000.0,30.00,15,46,"2,000.00",44.85,0.1,Li-ion,3.6,In stock,415.28,Buy 600 times for,2.45,36.75,340.28
https://eu.nkon.nl/sony-murata-us18650vtc5c-2500mah-30a.html,Sony / Murata,US18650VTC5C,3.55,2500.0,30.00,15,46,"2,500.00",53.25,0.13,Li-ion,3.6,In stock,394.44,Buy 600 times for,3.15,47.25,350.0
https://eu.nkon.nl/icr18650he4-2500mah.html,**,LGDBHE41865,3.95,2450.0,20.00,15,46,"2,450.00",59.25,0.13,Li-ion,3.6,Out of stock,447.85,Buy 600 times for,3.1,46.5,351.47
https://eu.nkon.nl/sanyo-18650ga-button-top-3444.html,Sanyo,NCR18650GA,5.95,3350.0,10.00,15,49,"3,350.00",89.25,0.17,Li-ion,3.6,Out of stock,493.37,Buy 360 times for,4.29,64.35,355.72
https://eu.nkon.nl/samsung-inr21700-30t-3000mah-35a.html,Samsung,INR21700-30T,4.15,2950.0,35.00,15,69,"2,950.00",62.25,0.15,Li-ion,3.6,In stock,390.77,Buy 390 times for,3.85,57.75,362.52
https://eu.nkon.nl/sony-us18650vtc5-flat-top.html,Sony,US18650VTC5,3.65,2500.0,30.00,15,46,"2,500.00",54.75,0.13,Li-ion,3.6,In stock,405.56,Buy 300 times for,3.4,51.0,377.78
https://eu.nkon.nl/rechargeable/li-ion/keeppower-27700-5700-mah-protected-10a.html,Keeppower,P2770C,7.5,5500.0,10.00,15,102,"5,500.00",112.5,0.28,Li-ion,3.6,Out of stock,378.79,No offers,7.5,112.5,378.79
https://eu.nkon.nl/molicel-inr18650-p28a-2800mah-35a.html,Molicel,INR-18650-P28A,4.99,2800.0,35.00,15,46,"2,800.00",74.85,0.14,Li-ion,3.6,In stock,495.04,Buy 600 times for,3.95,59.25,391.87
https://eu.nkon.nl/sony-murata-us21700vtc6a-4000mah-40a.html,Sony / Murata,US21700VTC6A,6.55,4000.0,40.00,15,73,"4,000.00",98.25,0.2,Li-ion,3.6,In stock,454.86,Buy 200 times for,5.75,86.25,399.31
https://eu.nkon.nl/sony-us18650vtc5a-flat-top.html,Sony,US18650VTC5A,4.25,2500.0,35.00,15,48,"2,500.00",63.75,0.13,Li-ion,3.6,In stock,472.22,Buy 600 times for,3.65,54.75,405.56
https://eu.nkon.nl/panasonic-ncr18650b-made-in-japan.html,Panasonic,NCR18650B,5.15,3250.0,6.70,15,46,"3,250.00",77.25,0.17,Li-ion,3.6,In stock,440.17,Buy 540 times for,4.79,71.85,409.4
https://eu.nkon.nl/rechargeable/li-ion/sony-murata-us18650-vtc6.html,Sony / Murata,US18650VTC6,5.45,3000.0,30.00,15,48,"3,000.00",81.75,0.15,Li-ion,3.6,Expected shipping date: 30 november 2023 (in 22 days),504.63,Buy 200 times for,4.45,66.75,412.04
https://eu.nkon.nl/samsung-inr18650-29e-2900mah-e6-5341.html,Samsung,INR18650-29E,4.39,2750.0,8.25,15,45,"2,750.00",65.85,0.14,Li-ion,3.6,In stock,443.43,Buy 200 times for,4.14,62.1,418.18
https://eu.nkon.nl/molicel-p26a-imr18650-2600mah-5a.html,Molicel,INR-18650-P26A,4.6,2500.0,35.00,15,45,"2,500.00",69.0,0.13,Li-ion,3.6,Out of stock,511.11,Buy 600 times for,3.85,57.75,427.78
https://eu.nkon.nl/18650-hg2-without-warning.html,**,LGABHG21865,5.45,2950.0,20.00,15,45,"2,950.00",81.75,0.15,Li-ion,3.6,Out of stock,513.18,Buy 200 times for,4.59,68.85,432.2
https://eu.nkon.nl/xtar-18650-2200mah-li-ion-battery.html,Xtar,18650,4.45,2180.0,5.00,15,48,5.00,66.75,0.11,Li-ion,3.6,In stock,567.02,Buy 20 times for,3.75,56.25,477.83
https://eu.nkon.nl/sanyo-18650ga-button-top.html,Sanyo,NCR18650GA,5.95,3350.0,10.00,15,50,"3,350.00",89.25,0.17,Li-ion,3.6,In stock,493.37,No offers,5.95,89.25,493.37
https://eu.nkon.nl/samsung-inr18650-25s-2500mah-25a.html,Samsung,INR18650-25S,4.4,2450.0,25.00,15,45,"2,450.00",66.0,0.13,Li-ion,3.6,In stock,498.87,No offers,4.4,66.0,498.87
https://eu.nkon.nl/keeppower-18650-3200-li-ion.html,Keeppower,18650,6.55,3150.0,8.00,15,30,8.00,98.25,0.16,Li-ion,3.6,Out of stock,577.6,Buy 200 times for,5.8,87.0,511.46
https://eu.nkon.nl/molicel-inr21700-p42a-4000mah-45a-button-top.html,Molicel,INR-21700-P42A,7.49,3950.0,45.00,15,72,"3,950.00",112.35,0.2,Li-ion,3.6,In stock,526.72,No offers,7.49,112.35,526.72
https://eu.nkon.nl/inr18650-mj1-buttontop.html,**,INR18650-MJ1,6.45,3400.0,10.00,15,49,"3,400.00",96.75,0.17,Li-ion,3.6,In stock,526.96,No offers,6.45,96.75,526.96
https://eu.nkon.nl/samsung-inr18650-15m.html,Samsung,INR18650-15M,3.45,1450.0,20.00,15,42,"1,450.00",51.75,0.07,Li-ion,3.6,Out of stock,660.92,Buy 600 times for,2.85,42.75,545.98
https://eu.nkon.nl/jgne-18650-1100mah-33a-lifepo4.html,JGNE,18650,2.25,1050.0,33.00,16,40,33.00,36.0,0.05,LIFEPO4,3.2,In stock,669.64,Buy 600 times for,1.95,31.2,580.36
https://eu.nkon.nl/sony-us18650vtc4-button-top.html,Sony,US18650VTC4,4.75,2000.0,30.00,15,47,"2,000.00",71.25,0.1,Li-ion,3.6,In stock,659.72,Buy 50 times for,4.25,63.75,590.28
https://eu.nkon.nl/yinlong-66160h-40ah-lto-400a-2-3v.html,Yinlong,66160H,54.95,40000.0,400.00,23,1250,210.00,1263.85,2.05,LTO,2.3,In stock,597.28,No offers,54.95,1263.85,597.28
https://eu.nkon.nl/xtar-18650-3300mah-protected-10a.html,Xtar,18650,7.95,3300.0,10.00,15,51,10.00,119.25,0.17,Li-ion,3.6,In stock,669.19,Buy 20 times for,7.25,108.75,610.27
https://eu.nkon.nl/molicel-inr18650-p26a-2600mah-35a-button-top.html,Molicel,INR-18650-P26A,5.95,2600.0,35.00,15,51,"2,600.00",89.25,0.13,Li-ion,3.6,In stock,635.68,No offers,5.95,89.25,635.68
https://eu.nkon.nl/sony-konion-us18650vtc6-3120mah-30a-met-button-top.html,Sony,US18650VTC6,6.95,3000.0,30.00,15,48,"3,000.00",104.25,0.15,Li-ion,3.6,Out of stock,643.52,No offers,6.95,104.25,643.52
https://eu.nkon.nl/samsung-icr18650-22p.html,Samsung,ICR18650-22P,4.75,2050.0,10.00,15,44,"2,050.00",71.25,0.1,Li-ion,3.6,Out of stock,643.63,No offers,4.75,71.25,643.63
https://eu.nkon.nl/samsung-inr-18650-30q-3000mah-button-top.html,Samsung,INR18650-30Q,6.95,2950.0,15.00,15,47,"2,950.00",104.25,0.15,Li-ion,3.6,In stock,654.43,No offers,6.95,104.25,654.43
https://eu.nkon.nl/hb2-1500mah-30a.html,**,LGDAHB21865,3.65,1400.0,30.00,15,44,"1,400.00",54.75,0.07,Li-ion,3.6,In stock,724.21,Buy 100 times for,3.3,49.5,654.76
https://eu.nkon.nl/sony-konion-us18650vtc5-2600mah-30a-met-button-top.html,Sony,US18650VTC5,5.95,2500.0,30.00,15,47,"2,500.00",89.25,0.13,Li-ion,3.6,Out of stock,661.11,No offers,5.95,89.25,661.11
https://eu.nkon.nl/xtar-18650-2600mah-protected.html,Xtar,18650,6.95,2550.0,5.20,15,47,5.20,104.25,0.13,Li-ion,3.6,In stock,757.08,Buy 20 times for,6.45,96.75,702.61
https://eu.nkon.nl/molicel-inr18650-p28a-2800mah-35a-button-top.html,Molicel,INR-18650-P28A,7.49,2800.0,35.00,15,51,"2,800.00",112.35,0.14,Li-ion,3.6,Out of stock,743.06,No offers,7.49,112.35,743.06
https://eu.nkon.nl/keeppower-21700-5000mah-10a-protected-li-ion-battery.html,Keeppower,P2150K,13.45,4950.0,10.00,15,70,"4,950.00",201.75,0.25,Li-ion,3.6,Out of stock,754.77,No offers,13.45,201.75,754.77
https://eu.nkon.nl/keeppower-18650-2900mah.html,Keeppower,P1829J,9.45,2850.0,8.00,15,55,"2,850.00",141.75,0.15,Li-ion,3.6,In stock,921.05,Buy 100 times for,7.75,116.25,755.36
https://eu.nkon.nl/keeppower-18650-3500-li-ion-flat-top.html,Keeppower,P1835J,11.45,3450.0,10.00,15,50,"3,450.00",171.75,0.18,Li-ion,3.6,In stock,921.9,Buy 90 times for,9.45,141.75,760.87
https://eu.nkon.nl/nitecore-18650-nl1823-2300mah-2a.html,Nitecore,NL1823,7.75,2250.0,2.00,15,48,"2,250.00",116.25,0.12,Li-ion,3.6,Out of stock,956.79,Buy 200 times for,6.25,93.75,771.6
https://eu.nkon.nl/samsung-18650-inr18650-25r-button-top.html,Samsung,INR18650-25R,6.95,2450.0,20.00,15,48,"2,450.00",104.25,0.13,Li-ion,3.6,In stock,787.98,No offers,6.95,104.25,787.98
https://eu.nkon.nl/keeppower-18650-2600-li-ion.html,Keeppower,P1826K,7.25,2550.0,5.20,15,53,"2,550.00",108.75,0.13,Li-ion,3.6,In stock,789.76,No offers,7.25,108.75,789.76
https://eu.nkon.nl/everactive-micro-usb-18650-3200mah-protected-7a.html,Everactive,3200 series,8.95,3050.0,7.00,15,92,"3,050.00",134.25,0.16,Li-ion,3.6,In stock,815.12,No offers,8.95,134.25,815.12
https://eu.nkon.nl/nitecore-18650-nl1834r-usb-3400mah-30.html,Nitecore,NL1834R,9.95,3350.0,2.00,15,48,"3,350.00",149.25,0.17,Li-ion,3.6,In stock,825.04,No offers,9.95,149.25,825.04
https://eu.nkon.nl/xtar-21700-5000-mah-protected-10a.html,Xtar,21700,14.95,4950.0,10.00,15,73,10.00,224.25,0.25,Li-ion,3.6,In stock,838.95,No offers,14.95,224.25,838.95
https://eu.nkon.nl/nitecore-21700-nl2150-5000mah-5a.html,Nitecore,NL2150,17.95,4950.0,5.00,15,73,"4,950.00",269.25,0.25,Li-ion,3.6,In stock,1007.3,Buy 60 times for,14.95,224.25,838.95
https://eu.nkon.nl/a123-systems-anr26650m1b-a-grade-3-3v-a-grade.html,Lithium Werks (A123 systems),ANR26650,8.95,2500.0,50.00,16,76,"2,500.00",143.2,0.13,LIFEPO4,3.2,In stock,1118.75,Buy 200 times for,7.25,116.0,906.25
https://eu.nkon.nl/keeppower-18650-3400-li-ion.html,Keeppower,P1834J,10.95,3350.0,8.00,15,48,"3,350.00",164.25,0.17,Li-ion,3.6,In stock,907.96,No offers,10.95,164.25,907.96
https://eu.nkon.nl/rechargeable/li-ion/keeppower-17500-1200mah-protected-3-4a.html,Keeppower,P1750C,4.95,1150.0,2.40,15,29,2.40,74.25,0.06,Li-ion,3.6,In stock,1195.65,Buy 200 times for,3.95,59.25,954.11
https://eu.nkon.nl/rechargeable/li-ion/keeppower-16650-2500mah-protected-7a.html,Keeppower,P1665J,8.75,2450.0,4.00,15,41,"2,450.00",131.25,0.13,Li-ion,3.6,In stock,992.06,No offers,8.75,131.25,992.06
https://eu.nkon.nl/sony-konion-us18650vtc5a-2600mah-35a-met-button-top.html,Sony,US18650VTC5A,8.95,2500.0,35.00,15,49,"2,500.00",134.25,0.13,Li-ion,3.6,In stock,994.44,No offers,8.95,134.25,994.44
https://eu.nkon.nl/xtar-18650-3500-protected-10a.html,Xtar,18650,13.95,3450.0,10.00,15,51,10.00,209.25,0.18,Li-ion,3.6,In stock,1123.19,Buy 20 times for,12.45,186.75,1002.42
https://eu.nkon.nl/nitecore-18650-nl1826-2600mah-4a.html,Nitecore,NL1826,11.45,2550.0,4.00,15,50,"2,550.00",171.75,0.13,Li-ion,3.6,In stock,1247.28,Buy 100 times for,9.45,141.75,1029.41
https://eu.nkon.nl/nitecore-18650-nl1832-3200mah-30a.html,Nitecore,NL1832,14.95,3150.0,2.00,15,48,"3,150.00",224.25,0.16,Li-ion,3.6,In stock,1318.34,Buy 100 times for,11.95,179.25,1053.79
https://eu.nkon.nl/keeppower-18650-3000mah-protected.html,Keeppower,P1830R,11.45,2950.0,15.00,15,48,"2,950.00",171.75,0.15,Li-ion,3.6,Out of stock,1078.15,No offers,11.45,171.75,1078.15
https://eu.nkon.nl/rechargeable/li-ion/vapcell-18350-1100-10a.html,Vapcell,INR18350,4.45,1100.0,10.00,15,25,"1,100.00",66.75,0.06,Li-ion,3.6,Out of stock,1123.74,No offers,4.45,66.75,1123.74
https://eu.nkon.nl/rechargeable/li-ion/keeppower-14650-1100mah-protected-3a.html,Keeppower,P1465C,4.95,950.0,3.00,15,28,3.00,74.25,0.05,Li-ion,3.6,In stock,1447.37,Buy 200 times for,3.95,59.25,1154.97
https://eu.nkon.nl/nitecore-18650-nl1834-3400mah-protected-4a.html,Nitecore,NL1834,15.95,3350.0,4.00,15,46,"3,350.00",239.25,0.17,Li-ion,3.6,Out of stock,1322.55,Buy 60 times for,13.95,209.25,1156.72
https://eu.nkon.nl/nitecore-nl18650d-3100mah-30a.html,Nitecore,NL18650D,15.95,3050.0,10.00,15,46,"3,050.00",239.25,0.16,Li-ion,3.6,In stock,1452.64,Buy 100 times for,12.95,194.25,1179.42
https://eu.nkon.nl/nitecore-18650-nl1826r-usb-2600mah-30a.html,Nitecore,NL1826R,10.95,2550.0,5.00,15,48,"2,550.00",164.25,0.13,Li-ion,3.6,In stock,1192.81,No offers,10.95,164.25,1192.81
https://eu.nkon.nl/eagletac-18650-3500.html,EagleTac,18650,14.95,3450.0,10.00,15,48,10.00,224.25,0.18,Li-ion,3.6,In stock,1203.7,No offers,14.95,224.25,1203.7
https://eu.nkon.nl/rechargeable/li-ion/eagletac-17650.html,EagleTac,17650,6.75,1550.0,3.00,15,37,3.00,101.25,0.08,Li-ion,3.6,In stock,1209.68,No offers,6.75,101.25,1209.68
https://eu.nkon.nl/2x-keeppower-21700-5000mah-protected-8a-usb.html,Keeppower,P2150TC,21.95,4850.0,8.00,15,150,"4,850.00",329.25,0.25,Li-ion,3.6,In stock,1257.16,No offers,21.95,329.25,1257.16
https://eu.nkon.nl/nitecore-21700-nl2142lthpr-4200-15a.html,Nitecore,21700,18.95,4150.0,15.00,15,83,15.00,284.25,0.21,Li-ion,3.6,Out of stock,1268.41,No offers,18.95,284.25,1268.41
https://eu.nkon.nl/nitecore-18650-nl1835-3500mah-5a.html,Nitecore,NL1835,18.95,3450.0,4.00,15,46,"3,450.00",284.25,0.18,Li-ion,3.6,In stock,1525.76,Buy 100 times for,15.95,239.25,1284.22
https://eu.nkon.nl/rechargeable/li-ion/keeppower-imr-18350-1200mah-10a-2896.html,Keeppower,UH1835P,5.75,1100.0,10.00,15,25,"1,100.00",86.25,0.06,Li-ion,3.6,Out of stock,1452.02,Buy 100 times for,5.25,78.75,1325.76
https://eu.nkon.nl/rechargeable/li-ion/eagletac-18350-1300mah-protected-10a.html,EagleTac,18350,7.45,1250.0,10.00,15,26,10.00,111.75,0.06,Li-ion,3.6,Out of stock,1655.56,Buy 160 times for,6.25,93.75,1388.89
https://eu.nkon.nl/rechargeable/li-ion/enerpower-18350-imr-limn-700mah-flat-top-battery.html,Enercig,TN18350HP,3.45,650.0,14.00,15,23,650.00,51.75,0.03,Li-ion,3.6,In stock,1474.36,No offers,3.45,51.75,1474.36
https://eu.nkon.nl/nitecore-18650-nl1835hp-3500mah-8a.html,Nitecore,NL1835HP,20.95,3450.0,8.00,15,50,"3,450.00",314.25,0.18,Li-ion,3.6,In stock,1686.8,Buy 100 times for,18.45,276.75,1485.51
https://eu.nkon.nl/nitecore-18650-nl1835r-usb-3500mah-4a.html,Nitecore,NL1835R,21.95,3450.0,5.00,15,50,"3,450.00",329.25,0.18,Li-ion,3.6,In stock,1767.31,Buy 60 times for,18.45,276.75,1485.51
https://eu.nkon.nl/2x-keeppower-18650-3200mah-protected-8a-usb.html,Keeppower,P1832U,16.95,3150.0,8.00,15,60,"3,150.00",254.25,0.16,Li-ion,3.6,In stock,1494.71,No offers,16.95,254.25,1494.71
https://eu.nkon.nl/keeppower-14500-1000mah-protected-1a.html,Keeppower,P1450C2,5.75,950.0,1.00,15,18,950.00,86.25,0.05,Li-ion,3.6,Out of stock,1681.29,Buy 20 times for,5.25,78.75,1535.09
https://eu.nkon.nl/rechargeable/li-ion/kp-imr18350-750.html,Keeppower,UH1835,3.95,700.0,8.00,15,21,700.00,59.25,0.04,Li-ion,3.6,In stock,1567.46,No offers,3.95,59.25,1567.46
https://eu.nkon.nl/rechargeable/li-ion/keeppower-14430.html,Keeppower,P1443C,4.25,600.0,4.00,15,19,600.00,63.75,0.03,Li-ion,3.6,In stock,1967.59,Buy 200 times for,3.45,51.75,1597.22
https://eu.nkon.nl/rechargeable/li-ion/kp-18350-900.html,Keeppower,P1835C,4.95,850.0,4.30,15,26,850.00,74.25,0.04,Li-ion,3.6,In stock,1617.65,No offers,4.95,74.25,1617.65
https://eu.nkon.nl/rechargeable/li-ion/keeppower-imr-18350-1200mah-10a.html,Keeppower,P1835C2,6.75,1100.0,10.00,15,26,"1,100.00",101.25,0.06,Li-ion,3.6,In stock,1704.55,No offers,6.75,101.25,1704.55
https://eu.nkon.nl/olight-18650-3500mah-accu-voor-m2r-x7.html,Olight,ORB-186S35,23.95,3450.0,10.00,15,47,"3,450.00",359.25,0.18,Li-ion,3.6,Out of stock,1928.34,No offers,23.95,359.25,1928.34
https://eu.nkon.nl/nitecore-nl1485-850mah-0-8a.html,Nitecore,NL1485,6.95,800.0,3.00,15,25,800.00,104.25,0.04,Li-ion,3.6,In stock,2413.19,Buy 100 times for,5.75,86.25,1996.53
https://eu.nkon.nl/rechargeable/li-ion/xtar-16340-650mah-protected.html,Xtar,16340 / 123A,5.25,600.0,1.20,15,19,1.20,78.75,0.03,Li-ion,3.6,In stock,2430.56,Buy 100 times for,4.45,66.75,2060.19
https://eu.nkon.nl/xcell-14500-750mah.html,Xcell,14500,5.95,700.0,0.80,15,20,0.80,89.25,0.04,Li-ion,3.6,In stock,2361.11,No offers,5.95,89.25,2361.11
https://eu.nkon.nl/2x-keeppower-rcr123a-800mah-protected-1-5a-usb.html,Keeppower,P1680U,11.45,800.0,2.00,15,80,800.00,171.75,0.04,Li-ion,3.6,In stock,3975.69,No offers,11.45,171.75,3975.69
https://eu.nkon.nl/rechargeable/li-ion/olight-rcr123a-550mah.html,Olight,RCR123A,7.95,500.0,2.00,15,16,500.00,119.25,0.03,Li-ion,3.6,In stock,4416.67,No offers,7.95,119.25,4416.67
https://eu.nkon.nl/rechargeable/li-ion/fdk-ml1220-3v.html,Panasonic,ML1220,2.49,17.0,Not set,15,1,12.50,37.35,0.0,Li-ion,3.599555,Out of stock,40691.3,Buy 100 times for,1.95,29.25,31866.68
https://eu.nkon.nl/rechargeable/li-ion/lir2450-knoopcel-120mah.html,Unbranded,LIR2450,2.75,5.0,Not set,15,6,5.00,41.25,0.0,Li-ion,3.6,In stock,152777.78,Buy 1000 times for,0.85,12.75,47222.22
https://eu.nkon.nl/rechargeable/li-ion/seiko-ms614-u-tag.html,Seiko,MS614,2.25,6.8,Not set,18,1,6.80,40.5,0.0,Li-ion,3.0,In stock,110294.12,No offers,2.25,40.5,110294.12
https://eu.nkon.nl/rechargeable/li-ion/ml2032.html,Maxell,ML2032,2.95,3.2,Not set,18,3,3.20,53.1,0.0,Li-ion,3.0,In stock,307291.67,No offers,2.95,53.1,307291.67
https://eu.nkon.nl/rechargeable/li-ion/maxell-ml2032-1hfn.html,Maxell,ML2032-1HFN,3.95,3.2,Not set,18,3,3.20,71.1,0.0,Li-ion,3.0,In stock,411458.33,No offers,3.95,71.1,411458.33
https://eu.nkon.nl/rechargeable/li-ion/fdk-ml1220-1hfn.html,FDK,ML1220-1HFN,2.95,2.0,Not set,18,1,2.00,53.1,0.0,Li-ion,3.0,In stock,491666.67,No offers,2.95,53.1,491666.67
https://eu.nkon.nl/rechargeable/li-ion/maxell-ml2016-3v.html,Maxell,ML2016,3.5,1.6,Not set,18,2,1.60,63.0,0.0,Li-ion,3.0,In stock,729166.67,Buy 50 times for,2.75,49.5,572916.67
https://eu.nkon.nl/rechargeable/li-ion/panasonic-vl3032-1f2-z-tag.html,Panasonic,VL3032-1F2,6.25,3.2,Not set,18,7,3.20,112.5,0.0,Li-ion,3.0,In stock,651041.67,No offers,6.25,112.5,651041.67
https://eu.nkon.nl/rechargeable/li-ion/panasonic-mt920-1-5v.html,Panasonic,MT920,3.25,2.0,Not set,35,2,2.00,113.75,0.0,Li-ion,1.5,In stock,1083333.33,No offers,3.25,113.75,1083333.33
https://eu.nkon.nl/rechargeable/li-ion/panasonic-vl2020-wr-met-stekker.html,Panasonic,VL2020-WR,9.25,2.0,Not set,18,4,2.00,166.5,0.0,Li-ion,3.0,In stock,1541666.67,No offers,9.25,166.5,1541666.67
https://eu.nkon.nl/rechargeable/li-ion/panasonic-vl2020-20mah.html,Panasonic,VL2020-1VCE,2.95,1e-09,Not set,18,3,20.00,53.1,0.0,Li-ion,3.0,In stock,983333333333333.2,No offers,2.95,53.1,983333333333333.2
