Product url,Brand,Model,Type,Price,Capacity - mAh,Max Discharge A,Num Cells4V,Weight,Current Ah,min Cost,Kwh for Min cost,Chemistry,Voltage,availability,Cost KwH,LowPriceQty,LowPrice,Density W/KG,LC Min Price,LC KwH
https://eu.nkon.nl/rechargeable/lifepo4/envision-ess-72173207-305ah-lifepo4-3-2v-b-grade.html,Envision,ESS 72173207,TBA,77.95,305000.0,305.00,16,5500,305.00,1247.2,15.62,LiFePO4,3.2,Expected shipping date: 18 januari 2024 (in 24 days),79.87,Buy 16 times for,72.9,177.45,1166.4,74.69
https://eu.nkon.nl/rechargeable/lifepo4/envision-ess-4lh3l7-280ah-lifepo4-3-2v-b-grade.html,Envision,ESS 72173207,TBA,72.95,280000.0,280.00,16,5450,280.00,1167.2,14.34,LiFePO4,3.2,Expected shipping date: 18 januari 2024 (in 24 days),81.42,Buy 16 times for,69.0,164.4,1104.0,77.01
https://eu.nkon.nl/eve-lf280-prismatic-280ah-280a-lifepo4.html,EVE,LF280K,TBA,98.95,280000.0,280.00,16,5450,280.00,1583.2,14.34,LiFePO4,3.2,Expected shipping date: 29 januari 2024 (in 35 days),110.44,Buy 64 times for,89.95,164.4,1439.2,100.39
https://eu.nkon.nl/eve-lf280-prismatic-280ah-280a-lifepo4-threaded.html,EVE,LF280K,TBA,99.95,280000.0,280.00,16,5450,280.00,1599.2,14.34,LiFePO4,3.2,Expected shipping date: 8 januari 2024 (in 14 days),111.55,Buy 64 times for,92.05,164.4,1472.8,102.73
https://eu.nkon.nl/eve-lf304-prismatic-304ah-lifepo4-3-2v-a-grade.html,EVE,LF304,TBA,105.95,304000.0,304.00,16,5490,304.00,1695.2,15.56,LiFePO4,3.2,Expected shipping date: 28 januari 2024 (in 34 days),108.91,Buy 32 times for,99.95,177.19,1599.2,102.74
https://eu.nkon.nl/eve-lf304-prismatic-304ah-lifepo4-3-2v-a-grade-threaded-studs.html,EVE,LF304,TBA,107.95,304000.0,304.00,16,5490,304.00,1727.2,15.56,LiFePO4,3.2,Expected shipping date: 10 januari 2024 (in 16 days),110.97,Buy 32 times for,101.95,177.19,1631.2,104.8
https://eu.nkon.nl/eve-lf105-prismatic-105ah-105a-lifepo4-a-grade.html,EVE,LF105,TBA,38.95,105000.0,105.00,16,1980,105.00,623.2,5.38,LiFePO4,3.2,Expected shipping date: 19 januari 2024 (in 25 days),115.92,Buy 32 times for,35.95,169.7,575.2,106.99
https://eu.nkon.nl/eve-lf230-prismatic-230ah-230a-lifepo4.html,EVE,LF230,TBA,84.95,230000.0,230.00,16,4110,230.00,1359.2,11.78,LiFePO4,3.2,Expected shipping date: 12 januari 2024 (in 18 days),115.42,Buy 32 times for,80.95,179.08,1295.2,109.99
https://eu.nkon.nl/calb-l300f187-187ah-prismatic-lifepo4-3-2v-b-grade.html,Calb,L300F187,TBA,72.95,187000.0,187.00,16,3470,187.00,1167.2,9.57,LiFePO4,3.2,Expected shipping date: 20 december 2023 (in -5 days),121.91,Buy 8 times for,69.95,172.45,1119.2,116.9
https://eu.nkon.nl/catl-cb310-prismatic-280ah-lifepo4-3-2v.html,Catl,CB310,TBA,119.95,280000.0,140.00,16,5340,140.00,1919.2,14.34,LiFePO4,3.2,In stock,133.87,Buy 32 times for,108.95,167.79,1743.2,121.6
https://eu.nkon.nl/calb-l173f230-230ah-lifepo4-3-2v.html,Calb,L173F230,TBA,97.45,230000.0,230.00,16,4170,230.00,1559.2,11.78,LiFePO4,3.2,In stock,132.4,Buy 32 times for,91.05,176.5,1456.8,123.71
https://eu.nkon.nl/lishen-lp71173207-280-ah-280a-lifepo4-3-2v-b-grade.html,Lishen,LP71173207,TBA,118.95,280000.0,280.00,16,5300,280.00,1903.2,14.34,LiFePO4,3.2,In stock,132.76,Buy 16 times for,110.95,169.06,1775.2,123.83
https://eu.nkon.nl/calb-l194f130a-b-grade.html,Calb,L194F130A,TBA,53.45,130000.0,130.00,16,2340,130.00,855.2,6.66,LiFePO4,3.2,Expected shipping date: 10 januari 2024 (in 16 days),128.49,Buy 64 times for,52.25,177.78,836.0,125.6
https://eu.nkon.nl/calb-l173f125a-prismatic-125ah-lifepo4-3-2v-b-grade.html,Calb,L173F125A,TBA,51.95,125000.0,125.00,16,2450,125.00,831.2,6.4,LiFePO4,3.2,Expected shipping date: 20 januari 2024 (in 26 days),129.88,Buy 32 times for,50.45,163.27,807.2,126.12
https://eu.nkon.nl/catl-prismatic-173ah-lifepo4-3-2v-b-grade.html,Catl,LF173,TBA,73.95,173000.0,173.00,16,3190,173.00,1183.2,8.86,LiFePO4,3.2,Expected shipping date: 20 december 2023 (in -5 days),133.58,Buy 16 times for,69.95,173.54,1119.2,126.35
https://eu.nkon.nl/calb-l148f88a-prismatic-88ah-lifepo4-3-2v-b-grade.html,Calb,L148F88A,TBA,38.95,88000.0,88.00,16,1620,88.00,623.2,4.51,LiFePO4,3.2,Expected shipping date: 20 januari 2024 (in 26 days),138.32,Buy 16 times for,35.9,173.83,574.4,127.49
https://eu.nkon.nl/eve-lf280k-prismatic-280ah-lifepo4-3-2v-a-grade-no-terminal.html,EVE,LiFePO4,TBA,122.95,280000.0,Not set,16,5420,200.00,1967.2,14.34,LiFePO4,3.2,In stock,137.22,Buy 64 times for,115.65,165.31,1850.4,129.07
https://eu.nkon.nl/tb-40138-he-20ah-60a-lifepo4-3-2v.html,Topband,TB-40138-HE,TBA,8.85,20000.0,60.00,16,422,140.00,141.6,1.02,LiFePO4,3.2,Expected shipping date: 12 januari 2024 (in 18 days),138.28,Buy 16 times for,8.45,151.66,135.2,132.03
https://eu.nkon.nl/tb-33138-he-15ah-30a-lifepo4-3-2v.html,Topband,32140FS,TBA,6.65,15000.0,30.00,16,300,140.00,106.4,0.77,LiFePO4,3.2,Expected shipping date: 12 januari 2024 (in 18 days),138.54,Buy 16 times for,6.35,160.0,101.6,132.29
https://eu.nkon.nl/sony-ncr18650bf-reclaimed.html,Sanyo,NCR18650BF,18650,1.95,3250.0,4.90,15,46,"3,250.00",29.25,0.17,Li-ion,3.6,In stock,166.67,Buy 540 times for,1.57,241.16,23.55,134.19
https://eu.nkon.nl/gotion-ifp52148102-87ah-lifepo4-3-2v.html,Gotion,IFP52148102,TBA,40.95,87000.0,87.00,16,1640,120.00,655.2,4.45,LiFePO4,3.2,Expected shipping date: 16 december 2023 (in -9 days),147.09,Buy 32 times for,38.25,169.76,612.0,137.39
https://eu.nkon.nl/rechargeable/li-ion/inr21700-m50l-4800mah-7-2a-clear-wrap.html,**,INR21700-M50L,21700,2.39,4750.0,14.40,15,70,"4,750.00",35.85,0.24,Li-ion,3.6,In stock,139.77,No offers,2.39,231.62,35.85,139.77
https://eu.nkon.nl/rechargeable/li-ion/lishen-lr21700sa-4000mah-12a.html,Lishen,LR21700SA,21700,2.35,3900.0,12.00,15,68,"3,900.00",35.25,0.2,Li-ion,3.6,In stock,167.38,Buy 390 times for,1.99,195.76,29.85,141.74
https://eu.nkon.nl/e-stream-inr18650-29e-2900mah-4-8a.html,DMEGC,18650,18650,1.75,2750.0,5.80,15,45,5.80,26.25,0.14,Li-ion,3.6,In stock,176.77,Buy 600 times for,1.49,208.59,22.35,150.51
https://eu.nkon.nl/inr18650-m29-2850mah-10a.html,**,INR18650M29,18650,1.99,2750.0,10.00,15,48,"2,750.00",29.85,0.14,Li-ion,3.6,In stock,201.01,Buy 600 times for,1.49,195.56,22.35,150.51
https://eu.nkon.nl/bak-n18650cl-2900mah-8-25a.html,BAK,N18650CL-29,18650,1.99,2800.0,8.25,15,48,"2,800.00",29.85,0.14,Li-ion,3.6,In stock,197.42,Buy 200 times for,1.52,199.11,22.8,150.79
https://eu.nkon.nl/rechargeable/li-ion/inr18650mh1-3200mah-6a-2017.html,**,INR18650MH1,18650,1.79,3100.0,6.00,15,48,"3,100.00",26.85,0.16,Li-ion,3.6,In stock,160.39,Buy 100 times for,1.69,220.44,25.35,151.43
https://eu.nkon.nl/tenpower-icr18650-26he-2600mah-10a.html,Tenpower,ICR18650-26HE,18650,1.59,2500.0,10.00,15,47,"2,500.00",23.85,0.13,Li-ion,3.6,Expected shipping date: 29 december 2023 (in 4 days),176.67,Buy 600 times for,1.37,181.56,20.55,152.22
https://eu.nkon.nl/rechargeable/li-ion/samsung-inr18650-32e-3100mah-6-4a-reclaimed.html,Samsung,INR18650-32E,18650,2.19,3100.0,6.40,15,48,"3,100.00",32.85,0.16,Li-ion,3.6,In stock,196.24,Buy 400 times for,1.7,220.44,25.5,152.33
https://eu.nkon.nl/byd-c13-fp44147272p-125ah-prismatic-375a-lifepo4-3-2v-b-grade.html,BYD,C13,TBA,66.95,125000.0,375.00,16,3450,375.00,1071.2,6.4,LiFePO4,3.2,In stock,167.38,Buy 32 times for,61.45,115.94,983.2,153.62
https://eu.nkon.nl/eve-c40-40135-20ah-3-2v.html,EVE,C40,TBA,11.95,20000.0,60.00,16,374,140.00,191.2,1.02,LiFePO4,3.2,Expected shipping date: 28 december 2023 (in 3 days),186.72,Buy 20 times for,9.99,171.12,159.84,156.09
https://eu.nkon.nl/ifr26650pe-3400mah-9-6a-lifepo4-3-2v.html,Real cell,IFR26650PE,TBA,1.99,3350.0,9.60,16,85,"3,350.00",31.84,0.17,LiFePO4,3.2,In stock,185.63,Buy 600 times for,1.75,126.12,28.0,163.25
https://eu.nkon.nl/rechargeable/li-ion/inr21700-m58-5800mah-12-5a-reclaimed-rewrap.html,**,INR21700-M58T,21700,4.65,5520.0,12.50,15,72,"5,520.00",69.75,0.28,Li-ion,3.6,In stock,234.0,Buy 200 times for,3.25,261.69,48.75,163.55
https://eu.nkon.nl/samsung-inr18650-35e-reclaimed.html,Samsung,INR18650-35E,18650,2.55,3350.0,8.00,15,49,"3,350.00",38.25,0.17,Li-ion,3.6,In stock,211.44,Buy 400 times for,2.04,233.36,30.6,169.15
https://eu.nkon.nl/rechargeable/li-ion/tenpower-inr18650-32he-3100mah-10a.html,Tenpower,INR18650-32HE,18650,2.35,3050.0,10.00,15,47,"3,050.00",35.25,0.16,Li-ion,3.6,In stock,214.03,Buy 600 times for,1.88,221.5,28.2,171.22
https://eu.nkon.nl/bak-h18650cq-2550mah-10-2a.html,BAK,H18650CQ,18650,1.95,2500.0,10.20,15,48,"2,500.00",29.25,0.13,Li-ion,3.6,In stock,216.67,Buy 200 times for,1.55,177.78,23.25,172.22
https://eu.nkon.nl/rechargeable/li-ion/tenpower-inr21700-50me-5000mah-15a.html,Tenpower,INR21700-50ME,21700,3.99,4950.0,15.00,15,68,"4,950.00",59.85,0.25,Li-ion,3.6,Expected shipping date: 29 december 2023 (in 4 days),223.91,Buy 390 times for,3.15,248.47,47.25,176.77
https://eu.nkon.nl/rechargeable/li-ion/samsung-inr18650-29e-2900mah-productiejaar-2017.html,Samsung,INR18650-29E,18650,2.05,2750.0,8.25,15,45,"2,750.00",30.75,0.14,Li-ion,3.6,In stock,207.07,Buy 600 times for,1.75,208.59,26.25,176.77
https://eu.nkon.nl/bak-n18650cp-34e-3350mah-6-5a.html,BAK,N18650CP,18650,2.79,3250.0,6.50,15,48,"3,250.00",41.85,0.17,Li-ion,3.6,In stock,238.46,Buy 600 times for,2.13,231.11,31.95,182.05
https://eu.nkon.nl/tenpower-inr18650-28he-2800mah-10a.html,Tenpower,INR18650-28HE,18650,2.75,2760.0,10.00,15,46,"2,760.00",41.25,0.14,Li-ion,3.6,In stock,276.77,Buy 600 times for,1.82,204.8,27.3,183.17
https://eu.nkon.nl/aspilsan-inr18650-a28-2800-mah-15a.html,Aspilsan,A28,TBA,2.25,2800.0,25.00,15,45,"2,800.00",33.75,0.14,Li-ion,3.6,In stock,223.21,Buy 600 times for,1.85,212.39,27.75,183.53
https://eu.nkon.nl/eve-inr18650-29v-2800mah-8-4a.html,EVE,INR18650-29V,18650,2.59,2850.0,8.40,15,45,"2,850.00",38.85,0.15,Li-ion,3.6,In stock,252.44,Buy 600 times for,1.89,216.18,28.35,184.21
https://eu.nkon.nl/sanyo-ur18650zm2-2600mah-8a.html,Sanyo,UR18650ZM2,18650,2.15,2420.0,8.00,15,46,"2,420.00",32.25,0.12,Li-ion,3.6,In stock,246.79,Buy 540 times for,1.67,179.57,25.05,191.69
https://eu.nkon.nl/rechargeable/li-ion/inr21700-m50l-4800mah-7-2a-clear-wrap-5428.html,**,INR21700-M50L,21700,3.99,4750.0,14.40,15,70,"4,750.00",59.85,0.24,Li-ion,3.6,In stock,233.33,Buy 260 times for,3.35,231.62,50.25,195.91
https://eu.nkon.nl/rechargeable/li-ion/samsung-inr21700-50e-productiejaar-2021.html,Samsung,INR21700-50E,21700,3.45,4850.0,9.80,15,69,"4,850.00",51.75,0.25,Li-ion,3.6,In stock,197.59,No offers,3.45,239.92,51.75,197.59
https://eu.nkon.nl/sony-ncr18650bl.html,Sanyo,18650,18650,2.45,3250.0,7.00,15,50,7.00,36.75,0.17,Li-ion,3.6,In stock,209.4,Buy 540 times for,2.35,221.87,35.25,200.85
https://eu.nkon.nl/jgne-26650-4000mah-12a-lifepo4.html,JGNE,JGCFR26650-4000mAh-3.2V,TBA,3.15,3950.0,12.00,16,87,"3,950.00",50.4,0.2,LiFePO4,3.2, not Available,249.21,Buy 400 times for,2.65,145.29,42.4,209.65
https://eu.nkon.nl/18650he2-imr-battery.html,**,**DBHE21865,TBA,2.49,2450.0,20.00,15,45,"2,450.00",37.35,0.13,Li-ion,3.6,In stock,282.31,Buy 600 times for,1.85,185.84,27.75,209.75
https://eu.nkon.nl/jgne-htcfr26650-3800mah-11-4a-lifepo4.html,JGNE,26650,TBA,2.99,3750.0,11.40,16,88,11.40,47.84,0.19,LiFePO4,3.2,Expected shipping date: 29 december 2023 (in 4 days),249.17,Buy 600 times for,2.55,136.36,40.8,212.5
https://eu.nkon.nl/samsung-inr18650-20r-reclaimed.html,Samsung,INR18650-20R,18650,1.75,1950.0,22.00,15,43,"1,950.00",26.25,0.1,Li-ion,3.6,In stock,249.29,Buy 600 times for,1.5,154.79,22.5,213.68
https://eu.nkon.nl/inr18650mh1-3200mah-3c-battery.html,**,INR18650MH1,18650,3.25,3100.0,6.00,15,48,"3,100.00",48.75,0.16,Li-ion,3.6,In stock,291.22,Buy 600 times for,2.4,220.44,36.0,215.05
https://eu.nkon.nl/eve-lf50k-prismatic-50ah-50a-lifepo4.html,EVE,LF50K,TBA,36.99,50000.0,50.00,16,1395,50.00,591.84,2.56,LiFePO4,3.2,Expected shipping date: 16 december 2023 (in -9 days),231.19,Buy 16 times for,35.0,114.7,560.0,218.75
https://eu.nkon.nl/jgne-26650-3600mah-10-2a-lifepo4.html,JGNE,HTCFR26650,TBA,3.49,3550.0,10.20,16,87,"3,550.00",55.84,0.18,LiFePO4,3.2,In stock,307.22,Buy 400 times for,2.5,130.57,40.0,220.07
https://eu.nkon.nl/eve-lf32-prismatic-32ah-lifepo4-b-grade.html,EVE,LF32K,TBA,24.99,32000.0,32.00,16,750,32.00,399.84,1.64,LiFePO4,3.2,In stock,244.04,Buy 32 times for,22.9,136.53,366.4,223.63
https://eu.nkon.nl/tenpower-20sg.html,Tenpower,ICR18650-20SG,18650,1.99,1950.0,30.00,15,45,"1,950.00",29.85,0.1,Li-ion,3.6,Expected shipping date: 29 december 2023 (in 4 days),283.48,Buy 400 times for,1.59,147.91,23.85,226.5
https://eu.nkon.nl/tenpower-inr18650-2500mah-20a.html,Tenpower,INR18650-25PG,18650,2.65,2450.0,20.00,15,47,"2,450.00",39.75,0.13,Li-ion,3.6,Expected shipping date: 29 december 2023 (in 4 days),300.45,Buy 400 times for,2.01,177.93,30.15,227.89
https://eu.nkon.nl/samsung-inr18650-35e.html,Samsung,INR18650-35E,18650,3.55,3350.0,8.00,15,49,"3,350.00",53.25,0.17,Li-ion,3.6,Expected shipping date: 16 december 2023 (in -9 days),294.36,Buy 600 times for,2.75,233.36,41.25,228.03
https://eu.nkon.nl/inr18650-mj1.html,**,INR18650-MJ1,18650,3.39,3450.0,10.00,15,47,"3,450.00",50.85,0.18,Li-ion,3.6,Expected shipping date: 12 januari 2024 (in 18 days),272.95,Buy 200 times for,2.86,250.55,42.9,230.27
https://eu.nkon.nl/jgne-18650-1800mah-5-4a-lifepo4.html,JGNE,MH48108,TBA,1.69,1700.0,5.40,16,42,"1,700.00",27.04,0.09,LiFePO4,3.2,Expected shipping date: 29 december 2023 (in 4 days),310.66,Buy 600 times for,1.26,129.52,20.16,231.62
https://eu.nkon.nl/lg-18650hd2-imr-battery.html,**,ICR18650HD2,18650,2.15,1970.0,25.00,15,48,"1,970.00",32.25,0.1,Li-ion,3.6,In stock,303.16,Buy 600 times for,1.65,140.09,24.75,232.66
https://eu.nkon.nl/jgne-18650-1600mah-4-8a-lifepo4.html,JGNE,MH48108,TBA,1.49,1500.0,4.80,16,46,"1,500.00",23.84,0.08,LiFePO4,3.2,Expected shipping date: 29 december 2023 (in 4 days),310.42,Buy 600 times for,1.14,104.35,18.24,237.5
https://eu.nkon.nl/rechargeable/li-ion/samsung-inr-18650-30q-3000mah-15a-2017.html,Samsung,INR18650-30Q,18650,2.85,2950.0,15.00,15,46,"2,950.00",42.75,0.15,Li-ion,3.6,In stock,268.36,Buy 600 times for,2.55,218.9,38.25,240.11
https://eu.nkon.nl/bak-n18650cnp-2500mah-20a.html,BAK,N18650CNP,18650,2.89,2400.0,20.00,15,47,"2,400.00",43.35,0.12,Li-ion,3.6,In stock,334.49,Buy 600 times for,2.13,174.3,31.95,246.53
https://eu.nkon.nl/samsung-inr18650-30q-3000mah-15a-reclaimed.html,Samsung,INR18650-30Q,18650,2.99,2950.0,15.00,15,46,"2,950.00",44.85,0.15,Li-ion,3.6,In stock,281.54,Buy 100 times for,2.65,218.9,39.75,249.53
https://eu.nkon.nl/sinowatt-sw18650-25sp-2550mah-20a.html,Sinowatt,SW18650-25SP,18650,2.75,2500.0,20.00,15,49,"2,500.00",41.25,0.13,Li-ion,3.6,Expected shipping date: 22 december 2023 (in -3 days),305.56,Buy 200 times for,2.25,174.15,33.75,250.0
https://eu.nkon.nl/sinowatt-sw18650-30sp-2900mah-15a.html,Sinowatt,SW18650-30SP,18650,3.25,2900.0,15.00,15,49,"2,900.00",48.75,0.15,Li-ion,3.6,Expected shipping date: 16 december 2023 (in -9 days),311.3,Buy 600 times for,2.65,202.01,39.75,253.83
https://eu.nkon.nl/panasonic-ncr18650bd-3200mah-10a.html,Panasonic,NCR18650BD,18650,3.55,3030.0,10.00,15,49,"3,030.00",53.25,0.16,Li-ion,3.6,In stock,325.45,Buy 540 times for,2.85,211.07,42.75,261.28
https://eu.nkon.nl/panasonic-ncr18650pf-3-7v-2900mah.html,Panasonic,NCR18650PF,18650,3.25,2850.0,10.00,15,46,"2,850.00",48.75,0.15,Li-ion,3.6,In stock,316.76,Buy 540 times for,2.69,211.48,40.35,262.18
https://eu.nkon.nl/inr18650m36-3600mah-10a.html,**,**DBM361865,TBA,3.89,3400.0,5.00,15,49,"3,400.00",58.35,0.17,Li-ion,3.6,In stock,317.81,Buy 600 times for,3.25,236.84,48.75,265.52
https://eu.nkon.nl/sanyo-ncr18650ga-3350mah-10a-groen.html,Sanyo,NCR18650GA,18650,3.99,3300.0,10.00,15,47,"3,300.00",59.85,0.17,Li-ion,3.6,In stock,335.86,Buy 540 times for,3.2,239.66,48.0,269.36
https://eu.nkon.nl/samsung-18650-inr18650-25r.html,Samsung,INR18650-25R,18650,2.99,2450.0,20.00,15,44,"2,450.00",44.85,0.13,Li-ion,3.6,In stock,339.0,Buy 200 times for,2.44,190.06,36.6,276.64
https://eu.nkon.nl/panasonic-ncr18650b-made-in-japan-2017.html,Panasonic,NCR18650B,18650,3.75,3250.0,6.70,15,46,"3,250.00",56.25,0.17,Li-ion,3.6,In stock,320.51,Buy 130 times for,3.25,241.16,48.75,277.78
https://eu.nkon.nl/samsung-inr-18650-30q-3000mah.html,Samsung,INR18650-30Q,18650,3.79,2950.0,15.00,15,46,"2,950.00",56.85,0.15,Li-ion,3.6,In stock,356.87,Buy 200 times for,3.1,218.9,46.5,291.9
https://eu.nkon.nl/sony-murata-us18650vtc5a-2600mah-35a-clear-wrap-reclaimed.html,Sony,18650,18650,2.99,2600.0,35.00,15,48,35.00,44.85,0.13,Li-ion,3.6,In stock,319.44,Buy 600 times for,2.75,184.89,41.25,293.8
https://eu.nkon.nl/eve-lf22k-prismatic-22ah-lifepo4-b-grade.html,EVE,LF22K,TBA,21.95,22000.0,66.00,16,628,66.00,351.2,1.13,LiFePO4,3.2,In stock,311.79,Buy 8 times for,20.75,112.1,332.0,294.74
https://eu.nkon.nl/sanyo-18650ga-4897.html,Sanyo,NCR18650GA,18650,4.25,3350.0,10.00,15,48,"3,350.00",63.75,0.17,Li-ion,3.6,In stock,352.4,Buy 540 times for,3.78,238.22,56.7,313.43
https://eu.nkon.nl/rechargeable/li-ion/lg-inr21700-m58t-5570mah-12-5a-no-wrap.html,**,INR21700-M58T,21700,6.79,5520.0,12.50,15,73,"5,520.00",101.85,0.28,Li-ion,3.6,In stock,341.69,Buy 50 times for,6.45,258.1,96.75,324.58
https://eu.nkon.nl/samsung-inr18650-20r.html,Samsung,INR18650-20R,18650,2.75,1950.0,22.00,15,43,22.00,41.25,0.1,Li-ion,3.6,In stock,391.74,Buy 600 times for,2.3,154.79,34.5,327.64
https://eu.nkon.nl/rechargeable/li-ion/lg-inr21700-m58t-5570mah-12-5a-no-wrap-roest.html,**,INR21700-M58T,21700,6.55,5520.0,12.50,15,73,"5,520.00",98.25,0.28,Li-ion,3.6,In stock,329.61,No offers,6.55,258.1,98.25,329.61
https://eu.nkon.nl/rechargeable/li-ion/inr18650-hj2-3000mah-20a.html,**,**ABHG21865,TBA,4.45,2950.0,20.00,15,46,"2,950.00",66.75,0.15,Li-ion,3.6,In stock,419.02,Buy 600 times for,3.6,218.9,54.0,338.98
https://eu.nkon.nl/jgne-26650-3000mah-30a-lifepo4.html,JGNE,HTPFR26650,TBA,3.95,2900.0,30.00,16,85,"2,900.00",63.2,0.15,LiFePO4,3.2,In stock,425.65,Buy 600 times for,3.15,109.18,50.4,339.44
https://eu.nkon.nl/sony-us18650vtc4-flat-top.html,Sony,US18650VTC4,18650,2.99,2000.0,30.00,15,46,"2,000.00",44.85,0.1,Li-ion,3.6,In stock,415.28,Buy 600 times for,2.45,148.41,36.75,340.28
https://eu.nkon.nl/sony-ncr18650bf.html,Sanyo,NCR18650BF,18650,4.95,3250.0,4.90,15,46,"3,250.00",74.25,0.17,Li-ion,3.6,In stock,423.08,Buy 540 times for,4.0,241.16,60.0,341.88
https://eu.nkon.nl/panasonic-ncr18650pf-3-7v-2900mah-jp.html,Panasonic,NCR18650PF,18650,3.55,2850.0,10.00,15,46,"2,850.00",53.25,0.15,Li-ion,3.6,In stock,346.0,No offers,3.55,211.48,53.25,346.0
https://eu.nkon.nl/molicel-inr18650-p28a-2800mah-35a.html,Molicel,INR-18650-P28A,18650,4.49,2800.0,35.00,15,46,"2,800.00",67.35,0.14,Li-ion,3.6,In stock,445.44,Buy 600 times for,3.65,207.77,54.75,362.1
https://eu.nkon.nl/sony-us18650vtc5a-flat-top.html,Sony,US18650VTC5A,18650,4.25,2500.0,35.00,15,48,"2,500.00",63.75,0.13,Li-ion,3.6,In stock,472.22,Buy 600 times for,3.65,177.78,54.75,405.56
https://eu.nkon.nl/panasonic-ncr18650b-made-in-japan.html,Panasonic,NCR18650B,18650,5.25,3250.0,6.70,15,46,"3,250.00",78.75,0.17,Li-ion,3.6,In stock,448.72,Buy 540 times for,4.79,241.16,71.85,409.4
https://eu.nkon.nl/rechargeable/li-ion/sony-murata-us18650-vtc6.html,Sony / Murata,US18650VTC6,18650,5.45,3000.0,30.00,15,48,"3,000.00",81.75,0.15,Li-ion,3.6,In stock,504.63,Buy 200 times for,4.45,213.33,66.75,412.04
https://eu.nkon.nl/samsung-inr18650-29e-2900mah-e6-5343.html,Samsung,INR18650-29E,18650,4.39,2750.0,8.25,15,45,"2,750.00",65.85,0.14,Li-ion,3.6,In stock,443.43,Buy 200 times for,4.14,208.59,62.1,418.18
https://eu.nkon.nl/molicel-p26a-imr18650-2600mah-5a.html,Molicel,INR-18650-P26A,18650,4.6,2500.0,35.00,15,45,"2,500.00",69.0,0.13,Li-ion,3.6,Expected shipping date: 16 december 2023 (in -9 days),511.11,Buy 600 times for,3.85,189.63,57.75,427.78
https://eu.nkon.nl/sanyo-18650ga-button-top.html,Sanyo,NCR18650GA,18650,5.95,3350.0,10.00,15,50,"3,350.00",89.25,0.17,Li-ion,3.6,In stock,493.37,No offers,5.95,228.69,89.25,493.37
https://eu.nkon.nl/samsung-inr18650-25s-2500mah-25a.html,Samsung,INR18650-25S,18650,4.4,2450.0,25.00,15,45,"2,450.00",66.0,0.13,Li-ion,3.6,In stock,498.87,No offers,4.4,185.84,66.0,498.87
https://eu.nkon.nl/inr18650-mj1-buttontop.html,**,INR18650-MJ1,18650,6.45,3400.0,10.00,15,49,"3,400.00",96.75,0.17,Li-ion,3.6,In stock,526.96,No offers,6.45,236.84,96.75,526.96
https://eu.nkon.nl/jgne-18650-1100mah-33a-lifepo4.html,JGNE,18650,18650,2.25,1050.0,33.00,16,40,33.00,36.0,0.05,LiFePO4,3.2,In stock,669.64,Buy 600 times for,1.95,84.0,31.2,580.36
https://eu.nkon.nl/sony-us18650vtc4-button-top.html,Sony,US18650VTC4,18650,4.75,2000.0,30.00,15,47,"2,000.00",71.25,0.1,Li-ion,3.6,In stock,659.72,Buy 50 times for,4.25,145.25,63.75,590.28
https://eu.nkon.nl/sony-konion-us18650vtc6-3120mah-30a-met-button-top.html,Sony,US18650VTC6,18650,6.95,3000.0,30.00,15,48,"3,000.00",104.25,0.15,Li-ion,3.6,In stock,643.52,No offers,6.95,213.33,104.25,643.52
https://eu.nkon.nl/samsung-icr18650-22p.html,Samsung,ICR18650-22P,18650,4.75,2050.0,10.00,15,44,"2,050.00",71.25,0.1,Li-ion,3.6,In stock,643.63,No offers,4.75,159.03,71.25,643.63
https://eu.nkon.nl/samsung-inr-18650-30q-3000mah-button-top.html,Samsung,INR18650-30Q,18650,6.95,2950.0,15.00,15,47,"2,950.00",104.25,0.15,Li-ion,3.6,In stock,654.43,No offers,6.95,214.24,104.25,654.43
https://eu.nkon.nl/hb2-1500mah-30a.html,**,**DAHB21865,TBA,3.65,1400.0,30.00,15,44,"1,400.00",54.75,0.07,Li-ion,3.6,In stock,724.21,Buy 100 times for,3.3,108.61,49.5,654.76
https://eu.nkon.nl/xtar-18650-2600mah-protected.html,Xtar,18650,18650,6.95,2550.0,5.20,15,47,5.20,104.25,0.13,Li-ion,3.6,In stock,757.08,Buy 20 times for,6.45,185.19,96.75,702.61
https://eu.nkon.nl/keeppower-18650-3500-li-ion.html,Keeppower,P1835J,TBA,10.45,3450.0,10.00,15,50,"3,450.00",156.75,0.18,Li-ion,3.6,In stock,841.38,Buy 100 times for,8.75,235.52,131.25,704.51
https://eu.nkon.nl/keeppower-18650-2900mah.html,Keeppower,P1829J,TBA,9.45,2850.0,8.00,15,55,"2,850.00",141.75,0.15,Li-ion,3.6,In stock,921.05,Buy 100 times for,7.75,176.87,116.25,755.36
https://eu.nkon.nl/keeppower-18650-3500-li-ion-flat-top.html,Keeppower,P1835J,TBA,11.45,3450.0,10.00,15,50,"3,450.00",171.75,0.18,Li-ion,3.6,In stock,921.9,Buy 90 times for,9.45,235.52,141.75,760.87
https://eu.nkon.nl/nitecore-18650-nl1823-2300mah-2a.html,Nitecore,NL1823,TBA,7.75,2250.0,2.00,15,48,"2,250.00",116.25,0.12,Li-ion,3.6,In stock,956.79,Buy 200 times for,6.25,160.0,93.75,771.6
https://eu.nkon.nl/samsung-18650-inr18650-25r-button-top.html,Samsung,INR18650-25R,18650,6.95,2450.0,20.00,15,48,"2,450.00",104.25,0.13,Li-ion,3.6,In stock,787.98,No offers,6.95,174.22,104.25,787.98
https://eu.nkon.nl/keeppower-18650-2600-li-ion.html,Keeppower,P1826K,TBA,7.25,2550.0,5.20,15,53,"2,550.00",108.75,0.13,Li-ion,3.6,In stock,789.76,No offers,7.25,164.23,108.75,789.76
https://eu.nkon.nl/everactive-micro-usb-18650-3200mah-protected-7a.html,Everactive,3200 series,TBA,8.95,3050.0,7.00,15,92,"3,050.00",134.25,0.16,Li-ion,3.6,In stock,815.12,No offers,8.95,113.16,134.25,815.12
https://eu.nkon.nl/nitecore-18650-nl1834r-usb-3400mah-30.html,Nitecore,NL1834R,TBA,9.95,3350.0,2.00,15,48,"3,350.00",149.25,0.17,Li-ion,3.6,In stock,825.04,No offers,9.95,238.22,149.25,825.04
https://eu.nkon.nl/a123-systems-anr26650m1b-a-grade-3-3v-a-grade.html,Lithium Werks (A123 systems),ANR26650,TBA,7.95,2500.0,50.00,16,76,"2,500.00",127.2,0.13,LiFePO4,3.2,In stock,993.75,Buy 200 times for,6.65,105.26,106.4,831.25
https://eu.nkon.nl/keeppower-18650-3400-li-ion.html,Keeppower,P1834J,TBA,10.95,3350.0,8.00,15,48,"3,350.00",164.25,0.17,Li-ion,3.6,In stock,907.96,No offers,10.95,238.22,164.25,907.96
https://eu.nkon.nl/nitecore-18650-nl1826r-usb-2600mah-30a.html,Nitecore,NL1826R,TBA,8.95,2550.0,5.00,15,48,"2,550.00",134.25,0.13,Li-ion,3.6,In stock,974.95,No offers,8.95,181.33,134.25,974.95
https://eu.nkon.nl/sony-konion-us18650vtc5a-2600mah-35a-met-button-top.html,Sony,US18650VTC5A,18650,8.95,2500.0,35.00,15,49,"2,500.00",134.25,0.13,Li-ion,3.6,In stock,994.44,No offers,8.95,174.15,134.25,994.44
https://eu.nkon.nl/xtar-18650-3500-protected-10a.html,Xtar,18650,18650,13.95,3450.0,10.00,15,51,10.00,209.25,0.18,Li-ion,3.6,In stock,1123.19,Buy 20 times for,12.45,230.9,186.75,1002.42
https://eu.nkon.nl/nitecore-18650-nl1832-3200mah-30a.html,Nitecore,NL1832,TBA,14.95,3150.0,2.00,15,48,"3,150.00",224.25,0.16,Li-ion,3.6,In stock,1318.34,Buy 100 times for,11.95,224.0,179.25,1053.79
https://eu.nkon.nl/kraftmax-18650-3400mah-usb.html,Unbranded,18650,18650,13.45,3400.0,3.40,15,50,3.40,201.75,0.17,Li-ion,3.6,In stock,1098.86,No offers,13.45,232.11,201.75,1098.86
https://eu.nkon.nl/rechargeable/li-ion/vapcell-18350-1100-10a.html,Vapcell,INR18350,TBA,4.45,1100.0,10.00,15,25,"1,100.00",66.75,0.06,Li-ion,3.6,Expected shipping date: 22 december 2023 (in -3 days),1123.74,No offers,4.45,150.19,66.75,1123.74
https://eu.nkon.nl/rechargeable/li-ion/keeppower-14650-1100mah-protected-3a.html,Keeppower,P1465C,TBA,4.95,950.0,3.00,15,28,3.00,74.25,0.05,Li-ion,3.6,In stock,1447.37,Buy 200 times for,3.95,115.81,59.25,1154.97
https://eu.nkon.nl/nitecore-18650-nl1834-3400mah-protected-4a.html,Nitecore,NL1834,TBA,15.95,3350.0,4.00,15,46,"3,350.00",239.25,0.17,Li-ion,3.6,In stock,1322.55,Buy 60 times for,13.95,248.58,209.25,1156.72
https://eu.nkon.nl/rechargeable/li-ion/eagletac-17650.html,EagleTac,17650,TBA,6.75,1550.0,3.00,15,37,3.00,101.25,0.08,Li-ion,3.6,In stock,1209.68,No offers,6.75,142.99,101.25,1209.68
https://eu.nkon.nl/nitecore-18650-nl1835-3500mah-5a.html,Nitecore,NL1835,TBA,18.95,3450.0,4.00,15,46,"3,450.00",284.25,0.18,Li-ion,3.6,In stock,1525.76,Buy 100 times for,15.95,256.0,239.25,1284.22
https://eu.nkon.nl/rechargeable/li-ion/kp-18350-900.html,Keeppower,P1835C,TBA,3.95,850.0,4.30,15,26,850.00,59.25,0.04,Li-ion,3.6,In stock,1290.85,No offers,3.95,111.59,59.25,1290.85
https://eu.nkon.nl/nitecore-18650-nl1835r-usb-3500mah-4a.html,Nitecore,NL1835R,TBA,16.95,3450.0,5.00,15,50,"3,450.00",254.25,0.18,Li-ion,3.6,In stock,1364.73,No offers,16.95,235.52,254.25,1364.73
https://eu.nkon.nl/rechargeable/li-ion/enerpower-18350-imr-limn-700mah-flat-top-battery.html,Enercig,TN18350HP,TBA,3.45,650.0,14.00,15,23,650.00,51.75,0.03,Li-ion,3.6,In stock,1474.36,No offers,3.45,96.46,51.75,1474.36
https://eu.nkon.nl/nitecore-18650-nl1835hp-3500mah-8a.html,Nitecore,NL1835HP,TBA,20.95,3450.0,8.00,15,50,"3,450.00",314.25,0.18,Li-ion,3.6,In stock,1686.8,Buy 100 times for,18.45,235.52,276.75,1485.51
https://eu.nkon.nl/2x-keeppower-18650-3200mah-protected-8a-usb.html,Keeppower,P1832U,TBA,16.95,3150.0,8.00,15,60,"3,150.00",254.25,0.16,Li-ion,3.6,In stock,1494.71,No offers,16.95,179.2,254.25,1494.71
https://eu.nkon.nl/rechargeable/li-ion/kp-imr18350-750.html,Keeppower,UH1835,TBA,3.95,700.0,8.00,15,21,700.00,59.25,0.04,Li-ion,3.6,In stock,1567.46,No offers,3.95,113.78,59.25,1567.46
https://eu.nkon.nl/rechargeable/li-ion/keeppower-14430.html,Keeppower,P1443C,TBA,4.25,600.0,4.00,15,19,600.00,63.75,0.03,Li-ion,3.6,In stock,1967.59,Buy 200 times for,3.45,107.79,51.75,1597.22
https://eu.nkon.nl/rechargeable/li-ion/keeppower-imr-18350-1200mah-10a.html,Keeppower,P1835C2,TBA,6.75,1100.0,10.00,15,26,"1,100.00",101.25,0.06,Li-ion,3.6,In stock,1704.55,No offers,6.75,144.41,101.25,1704.55
https://eu.nkon.nl/2x-keeppower-18650-3500mah-protected-8a-usb.html,Keeppower,P1835U,TBA,20.95,3300.0,8.00,15,96,"3,300.00",314.25,0.17,Li-ion,3.6,In stock,1763.47,No offers,20.95,117.33,314.25,1763.47
https://eu.nkon.nl/olight-18650-3500mah-accu-voor-m2r-x7.html,Olight,ORB-186S35,TBA,23.95,3450.0,10.00,15,47,"3,450.00",359.25,0.18,Li-ion,3.6,In stock,1928.34,No offers,23.95,250.55,359.25,1928.34
https://eu.nkon.nl/rechargeable/li-ion/lir2450-knoopcel-120mah.html,Unbranded,LIR2450,TBA,2.75,120.0,Not set,15,6,24.00,41.25,0.01,Li-ion,3.599555,In stock,6366.53,Buy 1000 times for,0.85,68.27,12.75,1967.84
https://eu.nkon.nl/rechargeable/li-ion/xtar-16340-650mah-protected.html,Xtar,16340 / 123A,TBA,4.95,600.0,1.20,15,19,1.20,74.25,0.03,Li-ion,3.6,In stock,2291.67,Buy 100 times for,4.45,107.79,66.75,2060.19
https://eu.nkon.nl/rechargeable/li-ion/olight-rcr123a-550mah.html,Olight,RCR123A,TBA,7.95,500.0,2.00,15,16,500.00,119.25,0.03,Li-ion,3.6,In stock,4416.67,No offers,7.95,106.67,119.25,4416.67
https://eu.nkon.nl/rechargeable/li-ion/ml2032.html,Maxell,ML2032,TBA,2.95,65.0,Not set,15,3,20.00,44.25,0.0,Li-ion,3.599555,In stock,12608.4,No offers,2.95,73.96,44.25,12608.4
https://eu.nkon.nl/rechargeable/li-ion/maxell-ml2032-1hfn.html,Maxell,ML2032-1HFN,TBA,3.95,65.0,Not set,15,3,20.00,59.25,0.0,Li-ion,3.599555,In stock,16882.43,No offers,3.95,73.96,59.25,16882.43
https://eu.nkon.nl/rechargeable/li-ion/panasonic-vl3032-1f2-z-tag.html,Panasonic,VL3032-1F2,TBA,6.25,100.0,Not set,15,7,30.00,93.75,0.01,Li-ion,3.599555,In stock,17363.26,No offers,6.25,48.76,93.75,17363.26
https://eu.nkon.nl/rechargeable/li-ion/maxell-ml2016-3v.html,Maxell,ML2016,TBA,3.5,25.0,Not set,15,2,20.00,52.5,0.0,Li-ion,3.599555,In stock,38893.7,Buy 50 times for,2.75,42.67,41.25,30559.33
https://eu.nkon.nl/rechargeable/li-ion/panasonic-vl2020-20mah.html,Panasonic,VL2020-1VCE,TBA,2.95,20.0,Not set,15,3,2.00,44.25,0.0,Li-ion,3.599555,In stock,40977.29,No offers,2.95,22.76,44.25,40977.29
https://eu.nkon.nl/rechargeable/li-ion/panasonic-vl2020-wr-met-stekker.html,Panasonic,VL2020-WR,TBA,5.95,20.0,Not set,15,4,20.00,89.25,0.0,Li-ion,3.599555,In stock,82649.11,No offers,5.95,17.07,89.25,82649.11
https://eu.nkon.nl/rechargeable/li-ion/panasonic-mt920-1-5v.html,Panasonic,MT920,TBA,3.25,5.0,Not set,15,2,9.50,48.75,0.0,Li-ion,3.599555,In stock,180577.88,No offers,3.25,8.53,48.75,180577.88
https://eu.nkon.nl/rechargeable/li-ion/seiko-ms614-u-tag.html,Seiko,MS614,TBA,2.25,3.4,Not set,15,1,1.40,33.75,0.0,Li-ion,3.599555,In stock,183846.25,No offers,2.25,11.61,33.75,183846.25
